FTPT,FFPT,FTPF,FFPF
88.13333333333334,11.866666666666667,0.0,0.0
94.46666666666667,5.533333333333333,0.0,0.0
67.7,32.3,0.0,0.0
74.6,25.4,0.0,0.0
69.46666666666667,30.533333333333335,0.0,0.0
77.3,22.7,0.0,0.0
76.9,23.1,0.0,0.0
76.9,23.1,0.0,0.0
92.6,7.4,0.0,0.0
100.0,0.0,0.0,0.0
