FTPT,FFPT,FTPF,FFPF
100.0,0.0,0.0,0.0
99.96666666666667,0.03333333333333333,0.0,0.0
76.7,23.3,0.0,0.0
69.26666666666667,30.733333333333334,0.0,0.0
100.0,0.0,0.0,0.0
100.0,0.0,0.0,0.0
100.0,0.0,0.0,0.0
100.0,0.0,0.0,0.0
67.46666666666667,32.53333333333333,0.0,0.0
100.0,0.0,0.0,0.0
