FTPT,FFPT,FTPF,FFPF
76.9,23.1,0.0,0.0
100.0,0.0,0.0,0.0
29.433333333333334,24.333333333333332,0.0,46.233333333333334
91.33333333333333,8.666666666666666,0.0,0.0
100.0,0.0,0.0,0.0
100.0,0.0,0.0,0.0
100.0,0.0,0.0,0.0
77.3,22.7,0.0,0.0
76.9,23.1,0.0,0.0
99.93333333333334,0.03333333333333333,0.0,0.03333333333333333
