FTPT,FFPT,FTPF,FFPF
99.93333333333334,0.06666666666666667,0.0,0.0
100.0,0.0,0.0,0.0
100.0,0.0,0.0,0.0
98.7,1.3,0.0,0.0
72.96666666666667,27.033333333333335,0.0,0.0
100.0,0.0,0.0,0.0
100.0,0.0,0.0,0.0
99.63333333333334,0.36666666666666664,0.0,0.0
76.9,23.1,0.0,0.0
29.433333333333334,23.933333333333334,0.0,46.63333333333333
