FTPT,FFPT,FTPF,FFPF
87.33333333333333,12.666666666666666,0.0,0.0
86.83333333333333,13.166666666666666,0.0,0.0
98.5,1.4333333333333333,0.06666666666666667,0.0
71.56666666666666,28.433333333333334,0.0,0.0
83.36666666666666,16.6,0.03333333333333333,0.0
89.03333333333333,10.966666666666667,0.0,0.0
92.0,8.0,0.0,0.0
76.3,23.666666666666668,0.03333333333333333,0.0
94.63333333333334,5.333333333333333,0.03333333333333333,0.0
81.73333333333333,18.266666666666666,0.0,0.0
