FTPT,FFPT,FTPF,FFPF
86.63333333333334,13.366666666666667,0.0,0.0
93.33333333333333,6.6,0.06666666666666667,0.0
97.93333333333334,2.0,0.06666666666666667,0.0
73.0,27.0,0.0,0.0
78.96666666666667,20.933333333333334,0.06666666666666667,0.03333333333333333
95.2,4.8,0.0,0.0
87.63333333333334,12.333333333333334,0.03333333333333333,0.0
77.36666666666666,22.633333333333333,0.0,0.0
74.36666666666666,25.633333333333333,0.0,0.0
74.36666666666666,25.566666666666666,0.06666666666666667,0.0
