FTPT,FFPT,FTPF,FFPF
85.56666666666666,14.433333333333334,0.0,0.0
94.6,5.366666666666666,0.03333333333333333,0.0
91.4,8.6,0.0,0.0
94.26666666666667,5.666666666666667,0.06666666666666667,0.0
83.8,16.2,0.0,0.0
89.4,10.6,0.0,0.0
84.3,15.7,0.0,0.0
77.5,22.466666666666665,0.03333333333333333,0.0
66.0,33.8,0.0,0.2
81.16666666666667,18.8,0.03333333333333333,0.0
