FTPT,FFPT,FTPF,FFPF
99.63333333333334,0.36666666666666664,0.0,0.0
87.2,12.766666666666667,0.03333333333333333,0.0
65.83333333333333,34.166666666666664,0.0,0.0
77.3,22.7,0.0,0.0
99.9,0.1,0.0,0.0
100.0,0.0,0.0,0.0
63.6,36.36666666666667,0.0,0.03333333333333333
68.63333333333334,31.366666666666667,0.0,0.0
100.0,0.0,0.0,0.0
67.1,32.9,0.0,0.0
