FTPT,FFPT,FTPF,FFPF
94.93333333333334,5.066666666666666,0.0,0.0
85.46666666666667,14.466666666666667,0.06666666666666667,0.0
69.06666666666666,30.9,0.03333333333333333,0.0
68.9,31.033333333333335,0.06666666666666667,0.0
69.4,30.533333333333335,0.06666666666666667,0.0
77.3,22.7,0.0,0.0
66.93333333333334,32.93333333333333,0.13333333333333333,0.0
62.46666666666667,37.53333333333333,0.0,0.0
86.9,13.033333333333333,0.06666666666666667,0.0
66.93333333333334,33.06666666666667,0.0,0.0
