FTPT,FFPT,FTPF,FFPF
79.86666666666666,20.133333333333333,0.0,0.0
84.86666666666666,15.133333333333333,0.0,0.0
93.3,6.7,0.0,0.0
98.5,1.5,0.0,0.0
85.03333333333333,14.966666666666667,0.0,0.0
86.7,13.3,0.0,0.0
91.13333333333334,8.866666666666667,0.0,0.0
83.03333333333333,16.966666666666665,0.0,0.0
66.0,33.96666666666667,0.0,0.03333333333333333
65.96666666666667,33.96666666666667,0.03333333333333333,0.03333333333333333
