FTPT,FFPT,FTPF,FFPF
83.3,16.7,0.0,0.0
87.8,12.2,0.0,0.0
89.6,10.4,0.0,0.0
81.76666666666667,18.233333333333334,0.0,0.0
89.0,11.0,0.0,0.0
85.26666666666667,14.733333333333333,0.0,0.0
96.13333333333334,3.8666666666666667,0.0,0.0
85.23333333333333,14.766666666666667,0.0,0.0
65.96666666666667,33.86666666666667,0.03333333333333333,0.13333333333333333
66.0,34.0,0.0,0.0
