FTPT,FFPT,FTPF,FFPF
100.0,0.0,0.0,0.0
98.86666666666666,1.1333333333333333,0.0,0.0
100.0,0.0,0.0,0.0
99.33333333333333,0.6666666666666666,0.0,0.0
100.0,0.0,0.0,0.0
77.3,22.7,0.0,0.0
100.0,0.0,0.0,0.0
71.93333333333334,28.066666666666666,0.0,0.0
99.93333333333334,0.06666666666666667,0.0,0.0
66.9,32.93333333333333,0.16666666666666666,0.0
