FTPT,FFPT,FTPF,FFPF
100.0,0.0,0.0,0.0
92.7,7.3,0.0,0.0
91.86666666666666,8.133333333333333,0.0,0.0
67.6,32.4,0.0,0.0
99.26666666666667,0.7333333333333333,0.0,0.0
77.3,22.7,0.0,0.0
100.0,0.0,0.0,0.0
76.9,23.1,0.0,0.0
99.96666666666667,0.03333333333333333,0.0,0.0
85.1,14.9,0.0,0.0
