FTPT,FFPT,FTPF,FFPF
100.0,0.0,0.0,0.0
100.0,0.0,0.0,0.0
99.93333333333334,0.06666666666666667,0.0,0.0
100.0,0.0,0.0,0.0
100.0,0.0,0.0,0.0
100.0,0.0,0.0,0.0
76.16666666666667,23.833333333333332,0.0,0.0
94.3,5.7,0.0,0.0
69.63333333333334,30.366666666666667,0.0,0.0
99.93333333333334,0.06666666666666667,0.0,0.0
