FTPT,FFPT,FTPF,FFPF
1.2333333333333334,35.6,0.0,63.166666666666664
99.3,0.0,0.7,0.0
91.33333333333333,8.5,0.06666666666666667,0.1
67.16666666666667,32.56666666666667,0.26666666666666666,0.0
100.0,0.0,0.0,0.0
1.2333333333333334,37.233333333333334,0.0,61.53333333333333
100.0,0.0,0.0,0.0
6.066666666666666,33.06666666666667,0.0,60.86666666666667
100.0,0.0,0.0,0.0
100.0,0.0,0.0,0.0
