FTPT,FFPT,FTPF,FFPF
100.0,0.0,0.0,0.0
0.6666666666666666,37.13333333333333,0.0,62.2
99.96666666666667,0.03333333333333333,0.0,0.0
99.03333333333333,0.03333333333333333,0.9333333333333333,0.0
6.566666666666666,34.06666666666667,0.0,59.36666666666667
100.0,0.0,0.0,0.0
99.86666666666666,0.06666666666666667,0.0,0.06666666666666667
100.0,0.0,0.0,0.0
1.2,38.733333333333334,0.0,60.06666666666667
100.0,0.0,0.0,0.0
