FTPT,FFPT,FTPF,FFPF
78.13333333333334,21.866666666666667,0.0,0.0
99.96666666666667,0.03333333333333333,0.0,0.0
98.2,1.8,0.0,0.0
78.53333333333333,21.466666666666665,0.0,0.0
98.73333333333333,1.2666666666666666,0.0,0.0
100.0,0.0,0.0,0.0
99.1,0.9,0.0,0.0
99.66666666666667,0.3333333333333333,0.0,0.0
97.0,3.0,0.0,0.0
53.2,46.43333333333333,0.03333333333333333,0.3333333333333333
