FTPT,FFPT,FTPF,FFPF
81.36666666666666,18.6,0.03333333333333333,0.0
89.76666666666667,10.233333333333333,0.0,0.0
90.9,9.0,0.1,0.0
98.26666666666667,1.7,0.03333333333333333,0.0
85.3,14.7,0.0,0.0
88.46666666666667,11.533333333333333,0.0,0.0
94.2,5.7,0.1,0.0
84.5,15.466666666666667,0.03333333333333333,0.0
66.0,33.766666666666666,0.0,0.23333333333333334
65.96666666666667,33.93333333333333,0.03333333333333333,0.06666666666666667
