FTPT,FFPT,FTPF,FFPF
100.0,0.0,0.0,0.0
91.83333333333333,8.166666666666666,0.0,0.0
69.26666666666667,30.733333333333334,0.0,0.0
100.0,0.0,0.0,0.0
100.0,0.0,0.0,0.0
79.06666666666666,20.933333333333334,0.0,0.0
100.0,0.0,0.0,0.0
100.0,0.0,0.0,0.0
67.46666666666667,32.53333333333333,0.0,0.0
100.0,0.0,0.0,0.0
