FTPT,FFPT,FTPF,FFPF
100.0,0.0,0.0,0.0
100.0,0.0,0.0,0.0
97.16666666666667,2.3,0.26666666666666666,0.26666666666666666
99.93333333333334,0.0,0.06666666666666667,0.0
29.166666666666668,25.333333333333332,0.0,45.5
0.9666666666666667,36.56666666666667,0.0,62.46666666666667
99.86666666666666,0.0,0.13333333333333333,0.0
99.1,0.5666666666666667,0.0,0.3333333333333333
1.9333333333333333,35.733333333333334,0.0,62.333333333333336
99.93333333333334,0.03333333333333333,0.0,0.03333333333333333
