FTPT,FFPT,FTPF,FFPF
99.96666666666667,0.03333333333333333,0.0,0.0
76.86666666666666,23.033333333333335,0.03333333333333333,0.06666666666666667
98.46666666666667,0.7333333333333333,0.0,0.8
1.2,38.86666666666667,0.0,59.93333333333333
100.0,0.0,0.0,0.0
99.93333333333334,0.0,0.06666666666666667,0.0
99.96666666666667,0.0,0.03333333333333333,0.0
100.0,0.0,0.0,0.0
1.2,38.733333333333334,0.0,60.06666666666667
99.66666666666667,0.0,0.1,0.23333333333333334
