FTPT,FFPT,FTPF,FFPF
100.0,0.0,0.0,0.0
97.63333333333334,2.3666666666666667,0.0,0.0
67.36666666666666,32.63333333333333,0.0,0.0
100.0,0.0,0.0,0.0
100.0,0.0,0.0,0.0
76.9,23.1,0.0,0.0
69.46666666666667,30.533333333333335,0.0,0.0
67.26666666666667,32.733333333333334,0.0,0.0
100.0,0.0,0.0,0.0
67.13333333333334,32.86666666666667,0.0,0.0
