FTPT,FFPT,FTPF,FFPF
28.166666666666668,25.966666666666665,0.0,45.86666666666667
100.0,0.0,0.0,0.0
100.0,0.0,0.0,0.0
100.0,0.0,0.0,0.0
100.0,0.0,0.0,0.0
99.43333333333334,0.5666666666666667,0.0,0.0
100.0,0.0,0.0,0.0
100.0,0.0,0.0,0.0
100.0,0.0,0.0,0.0
100.0,0.0,0.0,0.0
