FTPT,FFPT,FTPF,FFPF
99.1,0.0,0.9,0.0
98.4,0.03333333333333333,1.5666666666666667,0.0
79.23333333333333,20.766666666666666,0.0,0.0
97.6,2.1333333333333333,0.26666666666666666,0.0
67.46666666666667,32.53333333333333,0.0,0.0
100.0,0.0,0.0,0.0
98.06666666666666,0.0,1.9333333333333333,0.0
94.33333333333333,3.9,1.7,0.06666666666666667
99.46666666666667,0.3,0.16666666666666666,0.06666666666666667
100.0,0.0,0.0,0.0
