FTPT,FFPT,FTPF,FFPF
99.06666666666666,0.9333333333333333,0.0,0.0
100.0,0.0,0.0,0.0
100.0,0.0,0.0,0.0
99.96666666666667,0.03333333333333333,0.0,0.0
100.0,0.0,0.0,0.0
100.0,0.0,0.0,0.0
1.4,35.56666666666667,0.0,63.03333333333333
100.0,0.0,0.0,0.0
99.76666666666667,0.23333333333333334,0.0,0.0
100.0,0.0,0.0,0.0
