FTPT,FFPT,FTPF,FFPF
99.76666666666667,0.23333333333333334,0.0,0.0
95.1,4.9,0.0,0.0
69.33333333333333,30.666666666666668,0.0,0.0
67.46666666666667,32.53333333333333,0.0,0.0
67.43333333333334,32.56666666666667,0.0,0.0
67.43333333333334,32.56666666666667,0.0,0.0
99.86666666666666,0.13333333333333333,0.0,0.0
100.0,0.0,0.0,0.0
100.0,0.0,0.0,0.0
96.86666666666666,3.1333333333333333,0.0,0.0
