FTPT,FFPT,FTPF,FFPF
6.566666666666666,34.0,0.0,59.43333333333333
100.0,0.0,0.0,0.0
100.0,0.0,0.0,0.0
99.96666666666667,0.03333333333333333,0.0,0.0
29.333333333333332,24.033333333333335,0.0,46.63333333333333
100.0,0.0,0.0,0.0
100.0,0.0,0.0,0.0
100.0,0.0,0.0,0.0
100.0,0.0,0.0,0.0
100.0,0.0,0.0,0.0
