FTPT,FFPT,FTPF,FFPF
100.0,0.0,0.0,0.0
100.0,0.0,0.0,0.0
99.73333333333333,0.0,0.26666666666666666,0.0
98.26666666666667,0.03333333333333333,1.7,0.0
67.56666666666666,32.43333333333333,0.0,0.0
77.3,22.7,0.0,0.0
100.0,0.0,0.0,0.0
99.96666666666667,0.03333333333333333,0.0,0.0
100.0,0.0,0.0,0.0
100.0,0.0,0.0,0.0
