FTPT,FFPT,FTPF,FFPF
100.0,0.0,0.0,0.0
69.26666666666667,30.733333333333334,0.0,0.0
92.23333333333333,7.766666666666667,0.0,0.0
67.06666666666666,32.93333333333333,0.0,0.0
6.1,32.46666666666667,0.0,61.43333333333333
76.9,23.1,0.0,0.0
83.7,16.3,0.0,0.0
100.0,0.0,0.0,0.0
100.0,0.0,0.0,0.0
73.93333333333334,26.066666666666666,0.0,0.0
