FTPT,FFPT,FTPF,FFPF
99.96666666666667,0.03333333333333333,0.0,0.0
99.96666666666667,0.03333333333333333,0.0,0.0
100.0,0.0,0.0,0.0
100.0,0.0,0.0,0.0
100.0,0.0,0.0,0.0
100.0,0.0,0.0,0.0
1.2333333333333334,38.03333333333333,0.0,60.733333333333334
100.0,0.0,0.0,0.0
100.0,0.0,0.0,0.0
100.0,0.0,0.0,0.0
