FTPT,FFPT,FTPF,FFPF
99.93333333333334,0.0,0.0,0.06666666666666667
99.46666666666667,0.0,0.5,0.03333333333333333
89.26666666666667,10.733333333333333,0.0,0.0
100.0,0.0,0.0,0.0
67.36666666666666,32.5,0.13333333333333333,0.0
100.0,0.0,0.0,0.0
100.0,0.0,0.0,0.0
100.0,0.0,0.0,0.0
99.83333333333333,0.0,0.1,0.06666666666666667
95.86666666666666,4.1,0.03333333333333333,0.0
