FTPT,FFPT,FTPF,FFPF
67.5,32.5,0.0,0.0
100.0,0.0,0.0,0.0
69.26666666666667,30.733333333333334,0.0,0.0
67.06666666666666,32.93333333333333,0.0,0.0
99.96666666666667,0.03333333333333333,0.0,0.0
67.06666666666666,32.93333333333333,0.0,0.0
67.06666666666666,32.93333333333333,0.0,0.0
67.76666666666667,32.233333333333334,0.0,0.0
67.06666666666666,32.93333333333333,0.0,0.0
89.93333333333334,10.066666666666666,0.0,0.0
