FTPT,FFPT,FTPF,FFPF
99.8,0.2,0.0,0.0
100.0,0.0,0.0,0.0
100.0,0.0,0.0,0.0
100.0,0.0,0.0,0.0
100.0,0.0,0.0,0.0
99.96666666666667,0.03333333333333333,0.0,0.0
100.0,0.0,0.0,0.0
100.0,0.0,0.0,0.0
99.96666666666667,0.03333333333333333,0.0,0.0
100.0,0.0,0.0,0.0
