FTPT,FFPT,FTPF,FFPF
67.5,32.5,0.0,0.0
84.7,15.3,0.0,0.0
67.5,32.5,0.0,0.0
67.0,32.93333333333333,0.06666666666666667,0.0
99.86666666666666,0.13333333333333333,0.0,0.0
67.46666666666667,32.53333333333333,0.0,0.0
69.56666666666666,30.433333333333334,0.0,0.0
68.16666666666667,31.833333333333332,0.0,0.0
67.0,32.93333333333333,0.06666666666666667,0.0
88.36666666666666,11.533333333333333,0.1,0.0
