FTPT,FFPT,FTPF,FFPF
99.5,0.5,0.0,0.0
100.0,0.0,0.0,0.0
99.76666666666667,0.16666666666666666,0.0,0.06666666666666667
100.0,0.0,0.0,0.0
100.0,0.0,0.0,0.0
99.6,0.4,0.0,0.0
6.4,35.4,0.0,58.2
1.2333333333333334,37.53333333333333,0.0,61.233333333333334
0.2,38.266666666666666,0.0,61.53333333333333
0.0,39.5,0.0,60.5
