FTPT,FFPT,FTPF,FFPF
97.56666666666666,2.433333333333333,0.0,0.0
90.96666666666667,9.033333333333333,0.0,0.0
69.26666666666667,30.733333333333334,0.0,0.0
100.0,0.0,0.0,0.0
100.0,0.0,0.0,0.0
67.5,32.5,0.0,0.0
69.8,30.2,0.0,0.0
100.0,0.0,0.0,0.0
67.46666666666667,32.53333333333333,0.0,0.0
100.0,0.0,0.0,0.0
