FTPT,FFPT,FTPF,FFPF
76.76666666666667,23.233333333333334,0.0,0.0
96.2,3.8,0.0,0.0
67.06666666666666,32.93333333333333,0.0,0.0
99.96666666666667,0.03333333333333333,0.0,0.0
67.43333333333334,32.56666666666667,0.0,0.0
99.7,0.3,0.0,0.0
100.0,0.0,0.0,0.0
100.0,0.0,0.0,0.0
100.0,0.0,0.0,0.0
69.63333333333334,30.366666666666667,0.0,0.0
