FTPT,FFPT,FTPF,FFPF
99.96666666666667,0.03333333333333333,0.0,0.0
99.96666666666667,0.03333333333333333,0.0,0.0
100.0,0.0,0.0,0.0
100.0,0.0,0.0,0.0
1.1333333333333333,37.266666666666666,0.0,61.6
99.93333333333334,0.06666666666666667,0.0,0.0
100.0,0.0,0.0,0.0
100.0,0.0,0.0,0.0
1.8,36.06666666666667,0.0,62.13333333333333
100.0,0.0,0.0,0.0
