FTPT,FFPT,FTPF,FFPF
100.0,0.0,0.0,0.0
100.0,0.0,0.0,0.0
100.0,0.0,0.0,0.0
99.76666666666667,0.23333333333333334,0.0,0.0
100.0,0.0,0.0,0.0
100.0,0.0,0.0,0.0
100.0,0.0,0.0,0.0
100.0,0.0,0.0,0.0
99.93333333333334,0.06666666666666667,0.0,0.0
0.23333333333333334,39.13333333333333,0.0,60.63333333333333
