FTPT,FFPT,FTPF,FFPF
99.96666666666667,0.03333333333333333,0.0,0.0
100.0,0.0,0.0,0.0
67.36666666666666,32.53333333333333,0.1,0.0
100.0,0.0,0.0,0.0
100.0,0.0,0.0,0.0
99.6,0.3333333333333333,0.06666666666666667,0.0
100.0,0.0,0.0,0.0
100.0,0.0,0.0,0.0
0.8666666666666667,37.1,0.0,62.03333333333333
100.0,0.0,0.0,0.0
