FTPT,FFPT,FTPF,FFPF
100.0,0.0,0.0,0.0
100.0,0.0,0.0,0.0
100.0,0.0,0.0,0.0
100.0,0.0,0.0,0.0
99.9,0.1,0.0,0.0
100.0,0.0,0.0,0.0
100.0,0.0,0.0,0.0
98.76666666666667,1.2333333333333334,0.0,0.0
100.0,0.0,0.0,0.0
100.0,0.0,0.0,0.0
