FTPT,FFPT,FTPF,FFPF
98.63333333333334,0.03333333333333333,1.2333333333333334,0.1
98.53333333333333,0.0,1.4666666666666666,0.0
99.9,0.03333333333333333,0.03333333333333333,0.03333333333333333
100.0,0.0,0.0,0.0
6.833333333333333,33.7,0.0,59.46666666666667
100.0,0.0,0.0,0.0
1.4333333333333333,37.0,0.0,61.56666666666667
3.1,33.53333333333333,0.0,63.36666666666667
99.66666666666667,0.06666666666666667,0.0,0.26666666666666666
99.86666666666666,0.03333333333333333,0.0,0.1
