FTPT,FFPT,FTPF,FFPF
100.0,0.0,0.0,0.0
69.26666666666667,30.733333333333334,0.0,0.0
100.0,0.0,0.0,0.0
100.0,0.0,0.0,0.0
67.43333333333334,32.56666666666667,0.0,0.0
100.0,0.0,0.0,0.0
69.26666666666667,30.733333333333334,0.0,0.0
99.3,0.7,0.0,0.0
100.0,0.0,0.0,0.0
96.36666666666666,3.566666666666667,0.03333333333333333,0.03333333333333333
