FTPT,FFPT,FTPF,FFPF
99.83333333333333,0.0,0.16666666666666666,0.0
100.0,0.0,0.0,0.0
100.0,0.0,0.0,0.0
99.8,0.0,0.2,0.0
98.56666666666666,1.1,0.3333333333333333,0.0
100.0,0.0,0.0,0.0
100.0,0.0,0.0,0.0
100.0,0.0,0.0,0.0
100.0,0.0,0.0,0.0
99.9,0.03333333333333333,0.0,0.06666666666666667
