FTPT,FFPT,FTPF,FFPF
100.0,0.0,0.0,0.0
95.56666666666666,4.433333333333334,0.0,0.0
67.06666666666666,32.93333333333333,0.0,0.0
100.0,0.0,0.0,0.0
67.06666666666666,32.93333333333333,0.0,0.0
99.86666666666666,0.13333333333333333,0.0,0.0
100.0,0.0,0.0,0.0
100.0,0.0,0.0,0.0
100.0,0.0,0.0,0.0
69.63333333333334,30.366666666666667,0.0,0.0
