FTPT,FFPT,FTPF,FFPF
100.0,0.0,0.0,0.0
99.13333333333334,0.8666666666666667,0.0,0.0
99.93333333333334,0.06666666666666667,0.0,0.0
99.66666666666667,0.3333333333333333,0.0,0.0
100.0,0.0,0.0,0.0
92.26666666666667,7.733333333333333,0.0,0.0
100.0,0.0,0.0,0.0
100.0,0.0,0.0,0.0
100.0,0.0,0.0,0.0
100.0,0.0,0.0,0.0
