FTPT,FFPT,FTPF,FFPF
99.73333333333333,0.23333333333333334,0.03333333333333333,0.0
99.96666666666667,0.0,0.03333333333333333,0.0
100.0,0.0,0.0,0.0
100.0,0.0,0.0,0.0
100.0,0.0,0.0,0.0
77.3,22.7,0.0,0.0
99.73333333333333,0.1,0.16666666666666666,0.0
99.9,0.0,0.1,0.0
100.0,0.0,0.0,0.0
100.0,0.0,0.0,0.0
