FTPT,FFPT,FTPF,FFPF
100.0,0.0,0.0,0.0
100.0,0.0,0.0,0.0
99.53333333333333,0.43333333333333335,0.0,0.03333333333333333
99.1,0.0,0.9,0.0
97.63333333333334,2.3333333333333335,0.03333333333333333,0.0
77.13333333333334,22.833333333333332,0.0,0.03333333333333333
100.0,0.0,0.0,0.0
100.0,0.0,0.0,0.0
84.63333333333334,15.366666666666667,0.0,0.0
100.0,0.0,0.0,0.0
