FTPT,FFPT,FTPF,FFPF
100.0,0.0,0.0,0.0
77.3,22.7,0.0,0.0
1.2333333333333334,37.93333333333333,0.0,60.833333333333336
100.0,0.0,0.0,0.0
100.0,0.0,0.0,0.0
100.0,0.0,0.0,0.0
100.0,0.0,0.0,0.0
100.0,0.0,0.0,0.0
100.0,0.0,0.0,0.0
100.0,0.0,0.0,0.0
