FTPT,FFPT,FTPF,FFPF
100.0,0.0,0.0,0.0
99.8,0.2,0.0,0.0
100.0,0.0,0.0,0.0
99.96666666666667,0.03333333333333333,0.0,0.0
100.0,0.0,0.0,0.0
100.0,0.0,0.0,0.0
99.96666666666667,0.03333333333333333,0.0,0.0
100.0,0.0,0.0,0.0
99.86666666666666,0.13333333333333333,0.0,0.0
100.0,0.0,0.0,0.0
