FTPT,FFPT,FTPF,FFPF
100.0,0.0,0.0,0.0
77.3,22.7,0.0,0.0
99.83333333333333,0.16666666666666666,0.0,0.0
100.0,0.0,0.0,0.0
100.0,0.0,0.0,0.0
100.0,0.0,0.0,0.0
100.0,0.0,0.0,0.0
100.0,0.0,0.0,0.0
100.0,0.0,0.0,0.0
100.0,0.0,0.0,0.0
