FTPT,FFPT,FTPF,FFPF
76.86666666666666,23.133333333333333,0.0,0.0
95.8,4.2,0.0,0.0
67.06666666666666,32.93333333333333,0.0,0.0
99.96666666666667,0.03333333333333333,0.0,0.0
77.3,22.7,0.0,0.0
98.63333333333334,1.2666666666666666,0.1,0.0
100.0,0.0,0.0,0.0
100.0,0.0,0.0,0.0
99.96666666666667,0.0,0.03333333333333333,0.0
69.63333333333334,30.366666666666667,0.0,0.0
