FTPT,FFPT,FTPF,FFPF
77.3,22.7,0.0,0.0
97.6,2.4,0.0,0.0
67.5,32.5,0.0,0.0
67.06666666666666,32.93333333333333,0.0,0.0
99.9,0.1,0.0,0.0
67.16666666666667,32.833333333333336,0.0,0.0
99.46666666666667,0.5333333333333333,0.0,0.0
67.96666666666667,32.03333333333333,0.0,0.0
67.06666666666666,32.93333333333333,0.0,0.0
99.16666666666667,0.7333333333333333,0.1,0.0
