FTPT,FFPT,FTPF,FFPF
67.5,32.5,0.0,0.0
91.6,8.4,0.0,0.0
76.9,23.1,0.0,0.0
67.03333333333333,32.93333333333333,0.03333333333333333,0.0
99.86666666666666,0.03333333333333333,0.1,0.0
67.46666666666667,32.53333333333333,0.0,0.0
100.0,0.0,0.0,0.0
68.03333333333333,31.966666666666665,0.0,0.0
67.0,32.93333333333333,0.06666666666666667,0.0
88.36666666666666,11.533333333333333,0.1,0.0
