FTPT,FFPT,FTPF,FFPF
100.0,0.0,0.0,0.0
1.2333333333333334,37.0,0.0,61.766666666666666
100.0,0.0,0.0,0.0
100.0,0.0,0.0,0.0
67.4,32.5,0.1,0.0
100.0,0.0,0.0,0.0
99.96666666666667,0.03333333333333333,0.0,0.0
1.2333333333333334,39.1,0.0,59.666666666666664
99.9,0.1,0.0,0.0
100.0,0.0,0.0,0.0
