FTPT,FFPT,FTPF,FFPF
99.86666666666666,0.0,0.13333333333333333,0.0
99.43333333333334,0.0,0.5666666666666667,0.0
99.33333333333333,0.0,0.6666666666666666,0.0
100.0,0.0,0.0,0.0
67.46666666666667,32.53333333333333,0.0,0.0
67.9,32.0,0.1,0.0
100.0,0.0,0.0,0.0
99.76666666666667,0.23333333333333334,0.0,0.0
100.0,0.0,0.0,0.0
99.96666666666667,0.03333333333333333,0.0,0.0
