FTPT,FFPT,FTPF,FFPF
99.9,0.1,0.0,0.0
95.63333333333334,4.366666666666666,0.0,0.0
67.06666666666666,32.93333333333333,0.0,0.0
100.0,0.0,0.0,0.0
69.26666666666667,30.733333333333334,0.0,0.0
99.8,0.2,0.0,0.0
100.0,0.0,0.0,0.0
100.0,0.0,0.0,0.0
99.96666666666667,0.0,0.03333333333333333,0.0
69.63333333333334,30.366666666666667,0.0,0.0
