FTPT,FFPT,FTPF,FFPF
100.0,0.0,0.0,0.0
100.0,0.0,0.0,0.0
100.0,0.0,0.0,0.0
100.0,0.0,0.0,0.0
100.0,0.0,0.0,0.0
99.93333333333334,0.06666666666666667,0.0,0.0
100.0,0.0,0.0,0.0
99.83333333333333,0.16666666666666666,0.0,0.0
100.0,0.0,0.0,0.0
100.0,0.0,0.0,0.0
