FTPT,FFPT,FTPF,FFPF
67.0,32.93333333333333,0.06666666666666667,0.0
85.96666666666667,14.033333333333333,0.0,0.0
69.43333333333334,30.566666666666666,0.0,0.0
67.0,32.93333333333333,0.06666666666666667,0.0
99.93333333333334,0.06666666666666667,0.0,0.0
67.03333333333333,32.93333333333333,0.03333333333333333,0.0
100.0,0.0,0.0,0.0
69.33333333333333,30.666666666666668,0.0,0.0
67.0,32.93333333333333,0.06666666666666667,0.0
93.46666666666667,6.533333333333333,0.0,0.0
