FTPT,FFPT,FTPF,FFPF
30.933333333333334,23.933333333333334,0.0,45.13333333333333
100.0,0.0,0.0,0.0
100.0,0.0,0.0,0.0
99.96666666666667,0.03333333333333333,0.0,0.0
100.0,0.0,0.0,0.0
100.0,0.0,0.0,0.0
1.2333333333333334,36.333333333333336,0.0,62.43333333333333
100.0,0.0,0.0,0.0
99.76666666666667,0.23333333333333334,0.0,0.0
100.0,0.0,0.0,0.0
