FTPT,FFPT,FTPF,FFPF
6.833333333333333,33.63333333333333,0.0,59.53333333333333
100.0,0.0,0.0,0.0
100.0,0.0,0.0,0.0
100.0,0.0,0.0,0.0
100.0,0.0,0.0,0.0
29.433333333333334,23.933333333333334,0.0,46.63333333333333
100.0,0.0,0.0,0.0
100.0,0.0,0.0,0.0
100.0,0.0,0.0,0.0
99.86666666666666,0.13333333333333333,0.0,0.0
