FTPT,FFPT,FTPF,FFPF
99.9,0.1,0.0,0.0
99.66666666666667,0.2,0.0,0.13333333333333333
100.0,0.0,0.0,0.0
98.03333333333333,1.9666666666666666,0.0,0.0
100.0,0.0,0.0,0.0
100.0,0.0,0.0,0.0
100.0,0.0,0.0,0.0
100.0,0.0,0.0,0.0
100.0,0.0,0.0,0.0
100.0,0.0,0.0,0.0
