FTPT,FFPT,FTPF,FFPF
100.0,0.0,0.0,0.0
100.0,0.0,0.0,0.0
100.0,0.0,0.0,0.0
100.0,0.0,0.0,0.0
100.0,0.0,0.0,0.0
99.8,0.2,0.0,0.0
100.0,0.0,0.0,0.0
100.0,0.0,0.0,0.0
6.866666666666666,31.5,0.0,61.63333333333333
100.0,0.0,0.0,0.0
