FTPT,FFPT,FTPF,FFPF
100.0,0.0,0.0,0.0
99.53333333333333,0.4666666666666667,0.0,0.0
100.0,0.0,0.0,0.0
100.0,0.0,0.0,0.0
100.0,0.0,0.0,0.0
76.9,23.1,0.0,0.0
69.36666666666666,30.633333333333333,0.0,0.0
67.46666666666667,32.53333333333333,0.0,0.0
100.0,0.0,0.0,0.0
100.0,0.0,0.0,0.0
