FTPT,FFPT,FTPF,FFPF
99.86666666666666,0.13333333333333333,0.0,0.0
99.76666666666667,0.23333333333333334,0.0,0.0
69.36666666666666,30.633333333333333,0.0,0.0
67.5,32.5,0.0,0.0
67.43333333333334,32.56666666666667,0.0,0.0
67.46666666666667,32.53333333333333,0.0,0.0
100.0,0.0,0.0,0.0
99.96666666666667,0.03333333333333333,0.0,0.0
73.63333333333334,26.366666666666667,0.0,0.0
76.5,23.5,0.0,0.0
