FTPT,FFPT,FTPF,FFPF
1.2333333333333334,38.1,0.0,60.666666666666664
76.9,23.1,0.0,0.0
100.0,0.0,0.0,0.0
100.0,0.0,0.0,0.0
100.0,0.0,0.0,0.0
100.0,0.0,0.0,0.0
76.9,23.1,0.0,0.0
100.0,0.0,0.0,0.0
99.53333333333333,0.4666666666666667,0.0,0.0
99.96666666666667,0.03333333333333333,0.0,0.0
