FTPT,FFPT,FTPF,FFPF
99.96666666666667,0.03333333333333333,0.0,0.0
100.0,0.0,0.0,0.0
99.46666666666667,0.5333333333333333,0.0,0.0
100.0,0.0,0.0,0.0
67.46666666666667,32.53333333333333,0.0,0.0
99.96666666666667,0.03333333333333333,0.0,0.0
99.93333333333334,0.06666666666666667,0.0,0.0
100.0,0.0,0.0,0.0
100.0,0.0,0.0,0.0
100.0,0.0,0.0,0.0
