FTPT,FFPT,FTPF,FFPF
97.7,2.3,0.0,0.0
97.96666666666667,2.033333333333333,0.0,0.0
67.13333333333334,32.86666666666667,0.0,0.0
100.0,0.0,0.0,0.0
100.0,0.0,0.0,0.0
76.9,23.1,0.0,0.0
67.5,32.5,0.0,0.0
67.2,32.766666666666666,0.03333333333333333,0.0
67.33333333333333,32.666666666666664,0.0,0.0
67.1,32.9,0.0,0.0
