FTPT,FFPT,FTPF,FFPF
100.0,0.0,0.0,0.0
99.73333333333333,0.06666666666666667,0.03333333333333333,0.16666666666666666
86.56666666666666,13.433333333333334,0.0,0.0
100.0,0.0,0.0,0.0
77.3,22.7,0.0,0.0
100.0,0.0,0.0,0.0
100.0,0.0,0.0,0.0
100.0,0.0,0.0,0.0
0.9333333333333333,37.0,0.0,62.06666666666667
100.0,0.0,0.0,0.0
