FTPT,FFPT,FTPF,FFPF
99.9,0.1,0.0,0.0
100.0,0.0,0.0,0.0
100.0,0.0,0.0,0.0
100.0,0.0,0.0,0.0
100.0,0.0,0.0,0.0
1.2333333333333334,37.333333333333336,0.0,61.43333333333333
100.0,0.0,0.0,0.0
100.0,0.0,0.0,0.0
100.0,0.0,0.0,0.0
1.2333333333333334,38.46666666666667,0.0,60.3
