FTPT,FFPT,FTPF,FFPF
99.33333333333333,0.6666666666666666,0.0,0.0
100.0,0.0,0.0,0.0
100.0,0.0,0.0,0.0
99.96666666666667,0.03333333333333333,0.0,0.0
23.066666666666666,26.933333333333334,0.03333333333333333,49.96666666666667
100.0,0.0,0.0,0.0
100.0,0.0,0.0,0.0
100.0,0.0,0.0,0.0
100.0,0.0,0.0,0.0
100.0,0.0,0.0,0.0
