FTPT,FFPT,FTPF,FFPF
1.2333333333333334,37.5,0.0,61.266666666666666
100.0,0.0,0.0,0.0
99.53333333333333,0.06666666666666667,0.0,0.4
98.36666666666666,0.0,1.6333333333333333,0.0
99.86666666666666,0.03333333333333333,0.03333333333333333,0.06666666666666667
99.0,0.0,1.0,0.0
100.0,0.0,0.0,0.0
98.53333333333333,0.4666666666666667,0.9666666666666667,0.03333333333333333
99.5,0.5,0.0,0.0
99.93333333333334,0.0,0.0,0.06666666666666667
