FTPT,FFPT,FTPF,FFPF
100.0,0.0,0.0,0.0
99.96666666666667,0.0,0.0,0.03333333333333333
100.0,0.0,0.0,0.0
100.0,0.0,0.0,0.0
100.0,0.0,0.0,0.0
99.96666666666667,0.03333333333333333,0.0,0.0
100.0,0.0,0.0,0.0
99.83333333333333,0.16666666666666666,0.0,0.0
99.96666666666667,0.03333333333333333,0.0,0.0
99.86666666666666,0.13333333333333333,0.0,0.0
