FTPT,FFPT,FTPF,FFPF
99.86666666666666,0.13333333333333333,0.0,0.0
98.5,0.0,1.5,0.0
100.0,0.0,0.0,0.0
99.9,0.0,0.0,0.1
99.36666666666666,0.5,0.03333333333333333,0.1
91.23333333333333,8.566666666666666,0.03333333333333333,0.16666666666666666
1.2666666666666666,37.5,0.0,61.233333333333334
3.3333333333333335,34.6,0.0,62.06666666666667
99.9,0.06666666666666667,0.0,0.03333333333333333
98.93333333333334,0.9333333333333333,0.1,0.03333333333333333
