FTPT,FFPT,FTPF,FFPF
100.0,0.0,0.0,0.0
88.43333333333334,11.566666666666666,0.0,0.0
67.63333333333334,32.36666666666667,0.0,0.0
97.26666666666667,2.7333333333333334,0.0,0.0
99.96666666666667,0.03333333333333333,0.0,0.0
93.9,6.1,0.0,0.0
99.5,0.5,0.0,0.0
93.3,6.7,0.0,0.0
67.46666666666667,32.53333333333333,0.0,0.0
100.0,0.0,0.0,0.0
