FTPT,FFPT,FTPF,FFPF
83.33333333333333,16.666666666666668,0.0,0.0
86.4,13.6,0.0,0.0
91.6,8.3,0.1,0.0
98.93333333333334,1.0333333333333334,0.03333333333333333,0.0
84.2,15.8,0.0,0.0
89.33333333333333,10.666666666666666,0.0,0.0
90.03333333333333,9.866666666666667,0.1,0.0
87.76666666666667,12.233333333333333,0.0,0.0
65.96666666666667,33.86666666666667,0.03333333333333333,0.13333333333333333
65.96666666666667,33.93333333333333,0.03333333333333333,0.06666666666666667
