FTPT,FFPT,FTPF,FFPF
76.06666666666666,23.933333333333334,0.0,0.0
93.26666666666667,6.733333333333333,0.0,0.0
74.16666666666667,25.766666666666666,0.0,0.06666666666666667
88.43333333333334,11.533333333333333,0.03333333333333333,0.0
99.9,0.1,0.0,0.0
99.93333333333334,0.03333333333333333,0.0,0.03333333333333333
29.433333333333334,23.933333333333334,0.0,46.63333333333333
100.0,0.0,0.0,0.0
69.6,30.4,0.0,0.0
29.333333333333332,24.866666666666667,0.0,45.8
