FTPT,FFPT,FTPF,FFPF
88.73333333333333,11.266666666666667,0.0,0.0
99.86666666666666,0.13333333333333333,0.0,0.0
29.433333333333334,24.433333333333334,0.0,46.13333333333333
86.26666666666667,13.6,0.13333333333333333,0.0
76.56666666666666,23.433333333333334,0.0,0.0
76.06666666666666,23.933333333333334,0.0,0.0
100.0,0.0,0.0,0.0
94.6,5.4,0.0,0.0
69.46666666666667,30.5,0.0,0.03333333333333333
100.0,0.0,0.0,0.0
