FTPT,FFPT,FTPF,FFPF
100.0,0.0,0.0,0.0
96.8,3.2,0.0,0.0
29.433333333333334,24.0,0.0,46.56666666666667
97.03333333333333,2.966666666666667,0.0,0.0
99.26666666666667,0.7333333333333333,0.0,0.0
99.8,0.2,0.0,0.0
100.0,0.0,0.0,0.0
100.0,0.0,0.0,0.0
76.2,23.8,0.0,0.0
100.0,0.0,0.0,0.0
