FTPT,FFPT,FTPF,FFPF
100.0,0.0,0.0,0.0
100.0,0.0,0.0,0.0
100.0,0.0,0.0,0.0
100.0,0.0,0.0,0.0
77.23333333333333,22.766666666666666,0.0,0.0
71.86666666666666,28.133333333333333,0.0,0.0
100.0,0.0,0.0,0.0
100.0,0.0,0.0,0.0
100.0,0.0,0.0,0.0
100.0,0.0,0.0,0.0
100.0,0.0,0.0,0.0
100.0,0.0,0.0,0.0
99.96666666666667,0.03333333333333333,0.0,0.0
100.0,0.0,0.0,0.0
100.0,0.0,0.0,0.0
100.0,0.0,0.0,0.0
100.0,0.0,0.0,0.0
78.76666666666667,21.233333333333334,0.0,0.0
100.0,0.0,0.0,0.0
100.0,0.0,0.0,0.0
