FTPT,FFPT,FTPF,FFPF
87.53333333333333,12.466666666666667,0.0,0.0
89.46666666666667,10.533333333333333,0.0,0.0
93.7,6.2,0.1,0.0
91.7,8.3,0.0,0.0
90.96666666666667,9.033333333333333,0.0,0.0
74.86666666666666,25.066666666666666,0.06666666666666667,0.0
94.3,5.666666666666667,0.03333333333333333,0.0
65.93333333333334,33.9,0.03333333333333333,0.13333333333333333
66.0,33.766666666666666,0.0,0.23333333333333334
79.43333333333334,20.533333333333335,0.03333333333333333,0.0
