FTPT,FFPT,FTPF,FFPF
67.4,32.6,0.0,0.0
100.0,0.0,0.0,0.0
76.9,23.1,0.0,0.0
67.26666666666667,32.733333333333334,0.0,0.0
100.0,0.0,0.0,0.0
67.46666666666667,32.53333333333333,0.0,0.0
100.0,0.0,0.0,0.0
77.3,22.7,0.0,0.0
100.0,0.0,0.0,0.0
100.0,0.0,0.0,0.0
