FTPT,FFPT,FTPF,FFPF
99.93333333333334,0.06666666666666667,0.0,0.0
76.9,23.1,0.0,0.0
100.0,0.0,0.0,0.0
91.66666666666667,8.333333333333334,0.0,0.0
100.0,0.0,0.0,0.0
100.0,0.0,0.0,0.0
69.26666666666667,30.733333333333334,0.0,0.0
100.0,0.0,0.0,0.0
67.46666666666667,32.53333333333333,0.0,0.0
100.0,0.0,0.0,0.0
