FTPT,FFPT,FTPF,FFPF
99.93333333333334,0.06666666666666667,0.0,0.0
99.93333333333334,0.06666666666666667,0.0,0.0
99.9,0.1,0.0,0.0
100.0,0.0,0.0,0.0
100.0,0.0,0.0,0.0
100.0,0.0,0.0,0.0
100.0,0.0,0.0,0.0
100.0,0.0,0.0,0.0
100.0,0.0,0.0,0.0
100.0,0.0,0.0,0.0
