FTPT,FFPT,FTPF,FFPF
100.0,0.0,0.0,0.0
96.43333333333334,3.566666666666667,0.0,0.0
69.26666666666667,30.733333333333334,0.0,0.0
100.0,0.0,0.0,0.0
100.0,0.0,0.0,0.0
99.8,0.2,0.0,0.0
100.0,0.0,0.0,0.0
100.0,0.0,0.0,0.0
100.0,0.0,0.0,0.0
100.0,0.0,0.0,0.0
