FTPT,FFPT,FTPF,FFPF
100.0,0.0,0.0,0.0
100.0,0.0,0.0,0.0
100.0,0.0,0.0,0.0
67.46666666666667,32.53333333333333,0.0,0.0
100.0,0.0,0.0,0.0
99.96666666666667,0.03333333333333333,0.0,0.0
76.9,23.1,0.0,0.0
100.0,0.0,0.0,0.0
100.0,0.0,0.0,0.0
77.3,22.7,0.0,0.0
