FTPT,FFPT,FTPF,FFPF
100.0,0.0,0.0,0.0
90.0,10.0,0.0,0.0
59.266666666666666,40.733333333333334,0.0,0.0
60.53333333333333,39.36666666666667,0.03333333333333333,0.06666666666666667
68.3,31.7,0.0,0.0
77.3,22.7,0.0,0.0
67.43333333333334,32.56666666666667,0.0,0.0
69.63333333333334,30.366666666666667,0.0,0.0
85.63333333333334,14.2,0.16666666666666666,0.0
67.46666666666667,32.53333333333333,0.0,0.0
