FTPT,FFPT,FTPF,FFPF
94.73333333333333,5.266666666666667,0.0,0.0
92.96666666666667,7.033333333333333,0.0,0.0
99.86666666666666,0.13333333333333333,0.0,0.0
78.9,21.1,0.0,0.0
85.96666666666667,14.033333333333333,0.0,0.0
86.0,14.0,0.0,0.0
87.8,12.2,0.0,0.0
84.06666666666666,15.933333333333334,0.0,0.0
96.5,3.5,0.0,0.0
81.8,18.2,0.0,0.0
