FTPT,FFPT,FTPF,FFPF
89.06666666666666,10.933333333333334,0.0,0.0
86.56666666666666,13.433333333333334,0.0,0.0
91.7,8.3,0.0,0.0
78.53333333333333,21.466666666666665,0.0,0.0
86.66666666666667,13.333333333333334,0.0,0.0
84.0,16.0,0.0,0.0
87.13333333333334,12.866666666666667,0.0,0.0
86.5,13.466666666666667,0.03333333333333333,0.0
66.0,33.96666666666667,0.0,0.03333333333333333
91.9,8.1,0.0,0.0
