FTPT,FFPT,FTPF,FFPF
94.73333333333333,5.266666666666667,0.0,0.0
85.33333333333333,14.666666666666666,0.0,0.0
96.36666666666666,3.6333333333333333,0.0,0.0
78.7,21.3,0.0,0.0
85.93333333333334,14.066666666666666,0.0,0.0
89.76666666666667,10.233333333333333,0.0,0.0
84.66666666666667,15.333333333333334,0.0,0.0
86.9,13.1,0.0,0.0
94.83333333333333,5.166666666666667,0.0,0.0
85.7,14.3,0.0,0.0
