FTPT,FFPT,FTPF,FFPF
81.9,18.1,0.0,0.0
85.53333333333333,14.466666666666667,0.0,0.0
95.86666666666666,4.133333333333334,0.0,0.0
96.66666666666667,3.3333333333333335,0.0,0.0
89.66666666666667,10.333333333333334,0.0,0.0
84.13333333333334,15.866666666666667,0.0,0.0
89.1,10.866666666666667,0.03333333333333333,0.0
66.0,33.96666666666667,0.0,0.03333333333333333
66.0,33.8,0.0,0.2
81.1,18.9,0.0,0.0
